Total Time,Num Steps,Kp,Ki,Kd,Overshoot,Settling Time,Final Error
2,100,5.0,1.0,0.5,4.15425553844679,0.8686868686868687,-4.123970157509021
